city,state,lat,lng
New York,NY,40.6943,-73.9249
Los Angeles,CA,34.1139,-118.4068
Chicago,IL,41.8373,-87.6862
Miami,FL,25.7839,-80.2102
Dallas,TX,32.7936,-96.7662
Philadelphia,PA,40.0077,-75.1339
Houston,TX,29.7863,-95.3889
Atlanta,GA,33.7627,-84.4224
Washington,DC,38.9047,-77.0163
Boston,MA,42.3188,-71.0846
Phoenix,AZ,33.5722,-112.0891
Seattle,WA,47.6211,-122.3244
San Francisco,CA,37.7562,-122.4430
Detroit,MI,42.3834,-83.1024
San Diego,CA,32.8312,-117.1225
Minneapolis,MN,44.9635,-93.2678
Tampa,FL,27.9942,-82.4451
Denver,CO,39.7621,-104.8759
Brooklyn,NY,40.6501,-73.9496
Queens,NY,40.7498,-73.7976
Riverside,CA,33.9381,-117.3948
Baltimore,MD,39.3051,-76.6144
Las Vegas,NV,36.2333,-115.2654
Portland,OR,45.5372,-122.6500
San Antonio,TX,29.4658,-98.5253
St. Louis,MO,38.6358,-90.2451
Sacramento,CA,38.5667,-121.4683
Orlando,FL,28.4772,-81.3369
San Jose,CA,37.3019,-121.8486
Cleveland,OH,41.4767,-81.6804
Pittsburgh,PA,40.4396,-79.9762
Austin,TX,30.3004,-97.7522
Cincinnati,OH,39.1413,-84.5061
Kansas City,MO,39.1239,-94.5541
Manhattan,NY,40.7834,-73.9662
Indianapolis,IN,39.7771,-86.1458
Columbus,OH,39.9862,-82.9850
Charlotte,NC,35.2080,-80.8304
Virginia Beach,VA,36.7335,-76.0435
Bronx,NY,40.8501,-73.8662
Milwaukee,WI,43.0642,-87.9673
Providence,RI,41.8230,-71.4187
Jacksonville,FL,30.3322,-81.6749
Salt Lake City,UT,40.7777,-111.9306
Nashville,TN,36.1715,-86.7843
Richmond,VA,37.5295,-77.4756
Memphis,TN,35.1046,-89.9773
Raleigh,NC,35.8325,-78.6435
New Orleans,LA,30.0687,-89.9288
Louisville,KY,38.1663,-85.6485
Oklahoma City,OK,35.4676,-97.5136
Bridgeport,CT,41.1918,-73.1953
Buffalo,NY,42.9016,-78.8487
Fort Worth,TX,32.7811,-97.3473
Hartford,CT,41.7661,-72.6834
Tucson,AZ,32.1545,-110.8782
Omaha,NE,41.2627,-96.0522
El Paso,TX,31.8479,-106.4309
Honolulu,HI,21.3294,-157.8460
McAllen,TX,26.2273,-98.2471
Albuquerque,NM,35.1053,-106.6464
Birmingham,AL,33.5277,-86.7987
Sarasota,FL,27.3386,-82.5431
Dayton,OH,39.7797,-84.1998
Rochester,NY,43.1680,-77.6162
Fresno,CA,36.7831,-119.7941
Allentown,PA,40.5961,-75.4756
Tulsa,OK,36.1284,-95.9042
Cape Coral,FL,26.6446,-81.9956
Concord,CA,37.9722,-122.0016
Colorado Springs,CO,38.8674,-104.7606
Charleston,SC,32.8153,-79.9628
Springfield,MA,42.1155,-72.5395
Grand Rapids,MI,42.9620,-85.6562
Mission Viejo,CA,33.6095,-117.6550
Albany,NY,42.6664,-73.7987
Knoxville,TN,35.9692,-83.9496
Bakersfield,CA,35.3529,-119.0359
Ogden,UT,41.2278,-111.9682
Baton Rouge,LA,30.4418,-91.1310
Akron,OH,41.0798,-81.5219
New Haven,CT,41.3112,-72.9246
Columbia,SC,34.0376,-80.9037
Mesa,AZ,33.4017,-111.7180
Palm Bay,FL,27.9550,-80.6627
Provo,UT,40.2457,-111.6457
Worcester,MA,42.2705,-71.8079
Murrieta,CA,33.5720,-117.1909
Greenville,SC,34.8353,-82.3647
Wichita,KS,37.6896,-97.3442
Toledo,OH,41.6639,-83.5822
Staten Island,NY,40.5834,-74.1496
Des Moines,IA,41.5725,-93.6105
Long Beach,CA,33.7981,-118.1675
Port St. Lucie,FL,27.2796,-80.3883
Denton,TX,33.2176,-97.1419
Madison,WI,43.0826,-89.3931
Reno,NV,39.5497,-119.8483
Harrisburg,PA,40.2752,-76.8843
Little Rock,AR,34.7256,-92.3576
Oakland,CA,37.7903,-122.2165
Durham,NC,35.9794,-78.9031
Winston-Salem,NC,36.1029,-80.2611
Bonita Springs,FL,26.3559,-81.7861
Indio,CA,33.7346,-116.2346
Palm Coast,FL,29.5392,-81.2460
Chattanooga,TN,35.0657,-85.2488
Spokane,WA,47.6671,-117.4330
Syracuse,NY,43.0409,-76.1438
Lancaster,PA,40.0421,-76.3012
Arlington,TX,32.6998,-97.1250
Stockton,CA,37.9765,-121.3109
Poughkeepsie,NY,41.6949,-73.9210
Augusta,GA,33.3645,-82.0708
Boise,ID,43.6007,-116.2312
Oxnard,CA,34.1963,-119.1815
Scranton,PA,41.4044,-75.6649
Modesto,CA,37.6374,-121.0028
Kissimmee,FL,28.3042,-81.4164
Aurora,CO,39.7087,-104.7273
Youngstown,OH,41.0993,-80.6463
Fayetteville,AR,36.0713,-94.1660
Anaheim,CA,33.8390,-117.8572
Pensacola,FL,30.4427,-87.1886
Victorville,CA,34.5277,-117.3536
Lancaster,CA,34.6935,-118.1753
Greensboro,NC,36.0956,-79.8269
Corpus Christi,TX,27.7260,-97.3755
Fort Wayne,IN,41.0886,-85.1437
Santa Ana,CA,33.7366,-117.8819
Flint,MI,43.0235,-83.6922
Fayetteville,NC,35.0846,-78.9776
Jackson,MS,32.3163,-90.2124
Santa Rosa,CA,38.4458,-122.7067
Lansing,MI,42.7142,-84.5601
San Juan,PR,18.4037,-66.0636
Lexington,KY,38.0423,-84.4587
Ann Arbor,MI,42.2755,-83.7312
Henderson,NV,36.0133,-115.0380
Huntsville,AL,34.6988,-86.6412
Mobile,AL,30.6783,-88.1162
Fort Collins,CO,40.5478,-105.0656
Asheville,NC,35.5704,-82.5536
Santa Clarita,CA,34.4175,-118.4964
St. Paul,MN,44.9477,-93.1040
Antioch,CA,37.9789,-121.7958
Lakeland,FL,28.0556,-81.9545
Trenton,NJ,40.2236,-74.7641
Lincoln,NE,40.8090,-96.6788
Springfield,MO,37.1943,-93.2916
Anchorage,AK,61.1508,-149.1091
Plano,TX,33.0502,-96.7487
Irvine,CA,33.6772,-117.7738
Davenport,IA,41.5563,-90.6052
Rockford,IL,42.2597,-89.0641
Newark,NJ,40.7245,-74.1725
South Bend,IN,41.6767,-86.2696
Shreveport,LA,32.4656,-93.7956
Round Lake Beach,IL,42.3790,-88.0811
Savannah,GA,32.0281,-81.1784
Myrtle Beach,SC,33.7096,-78.8843
Chula Vista,CA,32.6281,-117.0145
Eugene,OR,44.0563,-123.1173
Canton,OH,40.8075,-81.3677
Lubbock,TX,33.5659,-101.8878
Reading,PA,40.3400,-75.9267
Winter Haven,FL,28.0118,-81.7017
Salem,OR,44.9231,-123.0246
St. Petersburg,FL,27.7931,-82.6652
Lafayette,LA,30.2084,-92.0323
Laredo,TX,27.5629,-99.4875
Jersey City,NJ,40.7161,-74.0682
Concord,NC,35.3933,-80.6366
Columbus,GA,32.5100,-84.8771
Chandler,AZ,33.2826,-111.8516
McKinney,TX,33.2015,-96.6669
Scottsdale,AZ,33.6872,-111.8651
Killeen,TX,31.0754,-97.7296
Tallahassee,FL,30.4551,-84.2526
Peoria,IL,40.7520,-89.6153
Wilmington,NC,34.2100,-77.8866
Montgomery,AL,32.3473,-86.2666
Gilbert,AZ,33.3101,-111.7463
Glendale,AZ,33.5791,-112.2311
North Las Vegas,NV,36.2880,-115.0901
Chesapeake,VA,36.6778,-76.3024
Barnstable,MA,41.6722,-70.3599
Norfolk,VA,36.8945,-76.2590
Fremont,CA,37.5265,-121.9852
Kennewick,WA,46.1978,-119.1732
Garland,TX,32.9100,-96.6305
Irving,TX,32.8584,-96.9702
Visalia,CA,36.3276,-119.3269
Atlantic City,NJ,39.3797,-74.4527
Paradise,NV,36.0807,-115.1369
Nashua,NH,42.7491,-71.4910
Arlington,VA,38.8786,-77.1011
Hialeah,FL,25.8696,-80.3046
York,PA,39.9651,-76.7315
Evansville,IN,37.9881,-87.5341
Avondale,AZ,33.3858,-112.3236
Brownsville,TX,25.9980,-97.4565
Gulfport,MS,30.4271,-89.0703
Appleton,WI,44.2779,-88.3891
Bremerton,WA,47.5436,-122.7122
Hickory,NC,35.7425,-81.3230
Tacoma,WA,47.2431,-122.4531
San Bernardino,CA,34.1417,-117.2946
College Station,TX,30.5852,-96.2960
Kalamazoo,MI,42.2749,-85.5882
Thousand Oaks,CA,34.1914,-118.8755
Roanoke,VA,37.2785,-79.9580
Fontana,CA,34.0968,-117.4599
Moreno Valley,CA,33.9244,-117.2045
North Port,FL,27.0577,-82.1975
Fargo,ND,46.8652,-96.8292
Green Bay,WI,44.5150,-87.9896
Spring Valley,NV,36.0987,-115.2619
Amarillo,TX,35.1988,-101.8311
Portland,ME,43.6773,-70.2715
Santa Barbara,CA,34.4285,-119.7202
Gainesville,FL,29.6804,-82.3458
Olympia,WA,47.0417,-122.8959
Frisco,TX,33.1555,-96.8215
Yonkers,NY,40.9466,-73.8674
Norwich,CT,41.5495,-72.0882
Glendale,CA,34.1818,-118.2468
Huntington Beach,CA,33.6960,-118.0025
Deltona,FL,28.9050,-81.2137
Aurora,IL,41.7637,-88.2901
Tempe,AZ,33.3881,-111.9318
Overland Park,KS,38.8870,-94.6870
Grand Prairie,TX,32.6872,-97.0209
Sunrise Manor,NV,36.1785,-115.0490
Waco,TX,31.5598,-97.1881
Salinas,CA,36.6884,-121.6317
Waterbury,CT,41.5583,-73.0361
Clarksville,TN,36.5695,-87.3420
Cedar Rapids,IA,41.9665,-91.6782
Sioux Falls,SD,43.5397,-96.7320
Huntington,WV,38.4109,-82.4344
Ontario,CA,34.0393,-117.6064
Hagerstown,MD,39.6401,-77.7217
Erie,PA,42.1168,-80.0733
Vancouver,WA,45.6366,-122.5967
Nampa,ID,43.5845,-116.5631
Spartanburg,SC,34.9437,-81.9257
Gastonia,NC,35.2494,-81.1853
Fort Lauderdale,FL,26.1412,-80.1464
Lorain,OH,41.4409,-82.1840
Murfreesboro,TN,35.8492,-86.4119
High Point,NC,35.9907,-79.9938
Newport News,VA,37.1051,-76.5185
Rancho Cucamonga,CA,34.1248,-117.5666
Hemet,CA,33.7341,-116.9969
Santa Cruz,CA,36.9789,-122.0346
Danbury,CT,41.4016,-73.4710
Peoria,AZ,33.7844,-112.2989
Oceanside,CA,33.2247,-117.3083
Elk Grove,CA,38.4160,-121.3842
Pembroke Pines,FL,26.0128,-80.3382
Vallejo,CA,38.1133,-122.2358
Garden Grove,CA,33.7787,-117.9601
Enterprise,NV,36.0164,-115.2208
Medford,OR,42.3372,-122.8537
Cary,NC,35.7820,-78.8191
Marysville,WA,48.0809,-122.1561
Corona,CA,33.8616,-117.5649
Ocala,FL,29.1780,-82.1511
Fredericksburg,VA,38.2992,-77.4872
Gainesville,GA,34.2903,-83.8301
Manchester,NH,42.9848,-71.4447
Bayamon,PR,18.3793,-66.1635
Champaign,IL,40.1144,-88.2735
Alexandria,VA,38.8185,-77.0861
Hayward,CA,37.6328,-122.0772
Springfield,IL,39.7710,-89.6538
Lakewood,CO,39.6977,-105.1168
Lafayette,IN,40.3990,-86.8594
Frederick,MD,39.4336,-77.4141
Lake Charles,LA,30.2012,-93.2122
Odessa,TX,31.8831,-102.3406
Tuscaloosa,AL,33.2348,-87.5267
Warner Robins,GA,32.5970,-83.6529
Palmdale,CA,34.5944,-118.1057
Hollywood,FL,26.0294,-80.1679
Midland,TX,32.0249,-102.1137
Leesburg,FL,28.7657,-81.8996
Port Arthur,TX,29.8554,-93.9264
Muskegon,MI,43.2281,-86.2563
Macon,GA,32.8065,-83.6974
Kansas City,KS,39.1234,-94.7443
Sunnyvale,CA,37.3836,-122.0256
Pomona,CA,34.0585,-117.7626
Escondido,CA,33.1347,-117.0722
Pasadena,TX,29.6583,-95.1499
New Bedford,MA,41.6697,-70.9428
Fairfield,CA,38.2592,-122.0324
Naperville,IL,41.7483,-88.1657
Bellevue,WA,47.5951,-122.1535
Binghamton,NY,42.1014,-75.9093
Elkhart,IN,41.6916,-85.9628
Topeka,KS,39.0346,-95.6955
Joliet,IL,41.5189,-88.1499
Beaumont,TX,30.0849,-94.1451
Paterson,NJ,40.9147,-74.1624
Merced,CA,37.3057,-120.4778
Pueblo,CO,38.2705,-104.6112
Tyler,TX,32.3184,-95.3062
Torrance,CA,33.8346,-118.3417
Yuma,AZ,32.5992,-114.5488
Metairie,LA,29.9977,-90.1780
Surprise,AZ,33.6800,-112.4524
Columbia,MO,38.9478,-92.3256
Athens,GA,33.9508,-83.3689
Roseville,CA,38.7703,-121.3196
Thornton,CO,39.9197,-104.9438
Miramar,FL,25.9773,-80.3351
Pasadena,CA,34.1597,-118.1390
Mesquite,TX,32.7623,-96.5889
Olathe,KS,38.8832,-94.8198
Santa Maria,CA,34.9334,-120.4432
Houma,LA,29.5799,-90.7058
Carrollton,TX,32.9890,-96.8999
Grand Junction,CO,39.0876,-108.5673
Charleston,WV,38.3484,-81.6323
Orange,CA,33.8038,-117.8218
Fullerton,CA,33.8841,-117.9279
Greeley,CO,40.4151,-104.7706
Carolina,PR,18.4054,-65.9792
Las Cruces,NM,32.3265,-106.7892
Panama City,FL,30.1995,-85.6004
Harlingen,TX,26.1917,-97.6976
West Valley City,UT,40.6889,-112.0115
Hampton,VA,37.0551,-76.3630
Warren,MI,42.4934,-83.0270
Mauldin,SC,34.7849,-82.3005
Bloomington,IL,40.4757,-88.9703
Coral Springs,FL,26.2702,-80.2591
Round Rock,TX,30.5254,-97.6660
Yakima,WA,46.5923,-120.5496
Sterling Heights,MI,42.5809,-83.0305
Kent,WA,47.3887,-122.2129
Burlington,NC,36.0758,-79.4686
Bellingham,WA,48.7543,-122.4687
Santa Clara,CA,37.3645,-121.9680
Racine,WI,42.7274,-87.8135
Greenville,NC,35.5956,-77.3768
Stamford,CT,41.1035,-73.5583
Elizabeth,NJ,40.6657,-74.1912
Johnson City,TN,36.3406,-82.3803
Lynchburg,VA,37.4003,-79.1909
Simi Valley,CA,34.2663,-118.7490
Fort Smith,AR,35.3493,-94.3695
Kenosha,WI,42.5864,-87.8765
Norman,OK,35.2335,-97.3471
South Lyon,MI,42.4614,-83.6526
Boulder,CO,40.0249,-105.2523
Abilene,TX,32.4543,-99.7384
Lehigh Acres,FL,26.6120,-81.6388
Pearland,TX,29.5585,-95.3215
Berkeley,CA,37.8723,-122.2760
Richardson,TX,32.9717,-96.7093
Redding,CA,40.5698,-122.3650
Arvada,CO,39.8321,-105.1511
East Los Angeles,CA,34.0326,-118.1691
St. George,UT,37.0770,-113.5770
Billings,MT,45.7891,-108.5524
Yuba City,CA,39.1357,-121.6381
Rochester,MN,44.0151,-92.4778
Leominster,MA,42.5209,-71.7717
Kingsport,TN,36.5224,-82.5453
Duluth,MN,46.7756,-92.1392
Rock Hill,SC,34.9416,-81.0244
Gilroy,CA,37.0047,-121.5855
Cambridge,MA,42.3759,-71.1185
Sugar Land,TX,29.5935,-95.6357
Texas City,TX,29.4128,-94.9658
Iowa City,IA,41.6559,-91.5303
Saginaw,MI,43.4199,-83.9501
Chico,CA,39.7575,-121.8152
Dover,DE,39.1610,-75.5203
Clearwater,FL,27.9789,-82.7622
Coeur d'Alene,ID,47.7041,-116.7935
Seaside,CA,36.6224,-121.8191
Independence,MO,39.0871,-94.3501
West Jordan,UT,40.6024,-112.0008
Brandon,FL,27.9367,-82.3000
Bloomington,IN,39.1637,-86.5257
El Monte,CA,34.0739,-118.0291
North Charleston,SC,32.9066,-80.0722
Carlsbad,CA,33.1247,-117.2837
St. Cloud,MN,45.5339,-94.1718
Temecula,CA,33.4928,-117.1315
Clovis,CA,36.8278,-119.6831
Meridian,ID,43.6112,-116.3968
The Woodlands,TX,30.1738,-95.5134
Ponce,PR,18.0120,-66.6198
Westminster,CO,39.8837,-105.0624
Costa Mesa,CA,33.6667,-117.9135
Monroe,LA,32.5183,-92.0774
Utica,NY,43.0961,-75.2260
Pompano Beach,FL,26.2428,-80.1312
West Palm Beach,FL,26.7468,-80.1316
Waterloo,IA,42.4920,-92.3522
Everett,WA,47.9525,-122.1669
El Centro,CA,32.7867,-115.5586
Santa Fe,NM,35.6619,-105.9819
Downey,CA,33.9379,-118.1312
Spring Hill,FL,28.4797,-82.5300
Lowell,MA,42.6389,-71.3217
Centennial,CO,39.5926,-104.8674
Elgin,IL,42.0385,-88.3229
Richmond,CA,37.9477,-122.3390
Broken Arrow,OK,36.0365,-95.7809
Miami Gardens,FL,25.9433,-80.2426
Bend,OR,44.0562,-121.3087
Burlington,VT,44.4877,-73.2314
Jurupa Valley,CA,34.0010,-117.4705
Sandy Springs,GA,33.9366,-84.3703
Gresham,OR,45.5023,-122.4413
Lewisville,TX,33.0452,-96.9823
Hillsboro,OR,45.5272,-122.9361
San Buenaventura,CA,34.2741,-119.2314
Jacksonville,NC,34.7288,-77.3941
Pottstown,PA,40.2507,-75.6444
Inglewood,CA,33.9566,-118.3444
League City,TX,29.4873,-95.1087
Eau Claire,WI,44.8199,-91.4949
Turlock,CA,37.5053,-120.8588
Temple,TX,31.1076,-97.3894
Sioux City,IA,42.4959,-96.3901
Salisbury,MD,38.3756,-75.5867
Davie,FL,26.0789,-80.2870
Daly City,CA,37.6862,-122.4685
Highlands Ranch,CO,39.5419,-104.9708
Allen,TX,33.1088,-96.6735
West Covina,CA,34.0555,-117.9112
Sparks,NV,39.5729,-119.7157
Wichita Falls,TX,33.9072,-98.5291
San Mateo,CA,37.5521,-122.3122
Columbia,MD,39.2004,-76.8590
Norwalk,CA,33.9069,-118.0829
Rialto,CA,34.1174,-117.3894
Manteca,CA,37.7927,-121.2264
Arden-Arcade,CA,38.6034,-121.3810
El Cajon,CA,32.8017,-116.9605
Burbank,CA,34.1879,-118.3235
Longmont,CO,40.1686,-105.1005
Renton,WA,47.4784,-122.1919
Vista,CA,33.1896,-117.2386
Logan,UT,41.7400,-111.8419
Prescott Valley,AZ,34.5983,-112.3176
Vacaville,CA,38.3590,-121.9680
Edinburg,TX,26.3197,-98.1596
Carmel,IN,39.9650,-86.1460
Spokane Valley,WA,47.6626,-117.2346
San Angelo,TX,31.4424,-100.4506
La Crosse,WI,43.8240,-91.2268
Idaho Falls,ID,43.4872,-112.0362
Holland,MI,42.7677,-86.0985
Charlottesville,VA,38.0375,-78.4855
Longview,TX,32.5193,-94.7621
Tracy,CA,37.7269,-121.4522
Boca Raton,FL,26.3752,-80.1080
Lafayette,CO,39.9949,-105.0997
Lee's Summit,MO,38.9172,-94.3816
Rio Rancho,NM,35.2872,-106.6981
South Fulton,GA,33.6269,-84.5802
Beaverton,OR,45.4779,-122.8168
Lawrence,KS,38.9597,-95.2641
Bismarck,ND,46.8144,-100.7694
Orem,UT,40.2983,-111.6992
Middletown,OH,39.5032,-84.3660
San Tan Valley,AZ,33.1879,-111.5472
San Marcos,CA,33.1350,-117.1744
Sandy,UT,40.5710,-111.8505
Federal Way,WA,47.3091,-122.3358
Mandeville,LA,30.3751,-90.0904
Hesperia,CA,34.3975,-117.3147
Brockton,MA,42.0821,-71.0242
Compton,CA,33.8930,-118.2275
Riverview,FL,27.8227,-82.3023
Fishers,IN,39.9589,-85.9661
Sunrise,FL,26.1547,-80.2997
Bowling Green,KY,36.9719,-86.4373
Roswell,GA,34.0391,-84.3513
Menifee,CA,33.6909,-117.1849
Plantation,FL,26.1260,-80.2617
Dover,NH,43.1887,-70.8845
Quincy,MA,42.2516,-71.0183
Portsmouth,VA,36.8468,-76.3540
Chino,CA,33.9836,-117.6654
Lynn,MA,42.4779,-70.9663
Edmond,OK,35.6689,-97.4159
Hanford,CA,36.3274,-119.6549
Dearborn,MI,42.3127,-83.2129
Livonia,MI,42.3972,-83.3733
South Gate,CA,33.9448,-118.1926
Vineland,NJ,39.4653,-74.9981
Florence,SC,34.1781,-79.7877
Portsmouth,NH,43.0580,-70.7826
Slidell,LA,30.2881,-89.7826
Lawton,OK,34.6176,-98.4203
Kirkland,WA,47.6974,-122.2054
Missoula,MT,46.8750,-114.0214
Auburn,AL,32.6087,-85.4899
Rapid City,SD,44.0716,-103.2204
Terre Haute,IN,39.4654,-87.3763
Suffolk,VA,36.6953,-76.6398
Blacksburg,VA,37.2300,-80.4279
Mount Pleasant,SC,32.8538,-79.8204
Carson,CA,33.8374,-118.2559
Conroe,TX,30.3239,-95.4825
Alafaya,FL,28.5278,-81.1865
Livermore,CA,37.6862,-121.7608
Westminster,CA,33.7523,-117.9938
Germantown,MD,39.1755,-77.2643
Santa Monica,CA,34.0232,-118.4813
New Braunfels,TX,29.6994,-98.1148
Fall River,MA,41.7137,-71.1014
Albany,GA,31.5776,-84.1762
Miami Beach,FL,25.8171,-80.1396
Norwalk,CT,41.1144,-73.4215
San Leandro,CA,37.7071,-122.1601
O'Fallon,MO,38.7850,-90.7175
Newton,MA,42.3316,-71.2085
Muncie,IN,40.1989,-85.3950
Citrus Heights,CA,38.6948,-121.2880
State College,PA,40.7909,-77.8568
Town 'n' Country,FL,28.0108,-82.5760
Decatur,IL,39.8556,-88.9337
Jackson,MI,42.2431,-84.4037
Fort Myers,FL,26.6195,-81.8303
Goodyear,AZ,33.2613,-112.3622
Dalton,GA,34.7690,-84.9712
Bryan,TX,30.6657,-96.3668
Waukegan,IL,42.3697,-87.8716
Hawthorne,CA,33.9146,-118.3476
Anderson,IN,40.0891,-85.6893
Redwood City,CA,37.5026,-122.2252
Hoover,AL,33.3754,-86.8064
Lake Forest,CA,33.6606,-117.6712
Napa,CA,38.2976,-122.3011
Whittier,CA,33.9678,-118.0188
Clifton,NJ,40.8631,-74.1575
Largo,FL,27.9088,-82.7711
Bloomington,MN,44.8306,-93.3151
Johns Creek,GA,34.0333,-84.2027
Newport Beach,CA,33.6151,-117.8669
Mission,TX,26.2041,-98.3251
Milpitas,CA,37.4339,-121.8921
Troy,MI,42.5818,-83.1457
Madera,CA,36.9631,-120.0782
Joplin,MO,37.0758,-94.5018
Chino Hills,CA,33.9508,-117.7253
Alhambra,CA,34.0840,-118.1355
Franklin,TN,35.9216,-86.8525
Melbourne,FL,28.1085,-80.6627
Port Huron,MI,42.9822,-82.4387
Springfield,OH,39.9297,-83.7957
Mountain View,CA,37.4000,-122.0796
Zephyrhills,FL,28.2408,-82.1796
St. Augustine,FL,29.8977,-81.3100
Flagstaff,AZ,35.1872,-111.6195
Buena Park,CA,33.8572,-118.0046
Pleasanton,CA,37.6663,-121.8805
Silver Spring,MD,39.0028,-77.0207
Atascocita,TX,29.9777,-95.1953
Westland,MI,42.3192,-83.3805
Auburn,WA,47.3039,-122.2108
Cranston,RI,41.7658,-71.4857
Somerville,MA,42.3908,-71.1013
Folsom,CA,38.6668,-121.1422
Springdale,AR,36.1899,-94.1574
Deerfield Beach,FL,26.3050,-80.1277
Warwick,RI,41.7062,-71.4334
Cicero,IL,41.8445,-87.7593
Farmington Hills,MI,42.4860,-83.3771
Newark,OH,40.0705,-82.4251
Williamsburg,VA,37.2692,-76.7076
Brooklyn Park,MN,45.1112,-93.3505
Hattiesburg,MS,31.3074,-89.3170
Alexandria,LA,31.2923,-92.4702
Lawrence,MA,42.7003,-71.1626
Florence,AL,34.8303,-87.6654
Valdosta,GA,30.8502,-83.2788
Plymouth,MN,45.0225,-93.4618
Buckeye,AZ,33.4314,-112.6429
Georgetown,TX,30.6668,-97.6953
Cheyenne,WY,41.1351,-104.7900
Cedar Park,TX,30.5106,-97.8196
The Villages,FL,28.9021,-81.9888
Kokomo,IN,40.4640,-86.1277
Tustin,CA,33.7309,-117.8106
Lakewood,CA,33.8471,-118.1221
Perris,CA,33.7899,-117.2233
St. Joseph,MO,39.7599,-94.8210
Flower Mound,TX,33.0344,-97.1146
Pharr,TX,26.1685,-98.1904
Pine Hills,FL,28.5818,-81.4693
Alton,IL,38.9034,-90.1523
Loveland,CO,40.4166,-105.0623
Boynton Beach,FL,26.5281,-80.0811
New Rochelle,NY,40.9305,-73.7836
Anderson,SC,34.5211,-82.6479
Jonesboro,AR,35.8212,-90.6791
Lebanon,PA,40.3412,-76.4227
Parma,OH,41.3843,-81.7286
Layton,UT,41.0769,-111.9621
Elizabethtown,KY,37.7030,-85.8770
Texarkana,TX,33.4487,-94.0815
Alameda,CA,37.7670,-122.2672
Kankakee,IL,41.1019,-87.8643
Watsonville,CA,36.9206,-121.7706
Porterville,CA,36.0644,-119.0338
Baytown,TX,29.7586,-94.9669
Upland,CA,34.1178,-117.6603
Davis,CA,38.5552,-121.7365
Camarillo,CA,34.2230,-119.0322
South Jordan,UT,40.5570,-111.9782
Battle Creek,MI,42.2986,-85.2296
Bellflower,CA,33.8880,-118.1271
San Marcos,TX,29.8736,-97.9381
San Ramon,CA,37.7625,-121.9365
Lake Jackson,TX,29.0516,-95.4522
Bethlehem,PA,40.6266,-75.3679
Wyoming,MI,42.8909,-85.7066
Oshkosh,WI,44.0228,-88.5619
Hammond,IN,41.6169,-87.4910
Waldorf,MD,38.6085,-76.9195
Missouri City,TX,29.5630,-95.5365
Pasco,WA,46.2506,-119.1304
Wheeling,WV,40.0752,-80.6951
Kendall,FL,25.6697,-80.3556
Baldwin Park,CA,34.0829,-117.9721
Rancho Cordova,CA,38.5740,-121.2523
Conway,AR,35.0754,-92.4694
Gary,IN,41.5906,-87.3472
Altoona,PA,40.5082,-78.4007
Lodi,CA,38.1218,-121.2932
Arlington Heights,IL,42.0955,-87.9825
Bolingbrook,IL,41.6903,-88.1019
Rochester Hills,MI,42.6645,-83.1563
Winchester,VA,39.1735,-78.1746
Framingham,MA,42.3085,-71.4368
Hilton Head Island,SC,32.1896,-80.7499
Centreville,VA,38.8391,-77.4388
Union City,CA,37.6030,-122.0187
Owensboro,KY,37.7574,-87.1173
Jackson,TN,35.6535,-88.8353
Cleveland,TN,35.1817,-84.8707
Wausau,WI,44.9620,-89.6459
Camden,NJ,39.9362,-75.1073
Anniston,AL,33.6712,-85.8136
Evanston,IL,42.0463,-87.6942
Apple Valley,CA,34.5328,-117.2104
Mansfield,OH,40.7656,-82.5275
Caguas,PR,18.2319,-66.0388
Schaumburg,IL,42.0307,-88.0838
Pocatello,ID,42.8724,-112.4646
Woodbury,MN,44.9056,-92.9230
Southfield,MI,42.4765,-83.2605
Ellicott City,MD,39.2773,-76.8344
Dale City,VA,38.6473,-77.3459
Maple Grove,MN,45.1089,-93.4626
Pittsburg,CA,38.0182,-121.8964
New Britain,CT,41.6758,-72.7862
Morgantown,WV,39.6380,-79.9468
Mansfield,TX,32.5690,-97.1211
Hammond,LA,30.5061,-90.4563
Dothan,AL,31.2335,-85.4069
Harrisonburg,VA,38.4361,-78.8735
Wenatchee,WA,47.4356,-120.3283
Waukesha,WI,43.0087,-88.2464
Pawtucket,RI,41.8744,-71.3743
Redmond,WA,47.6762,-122.1169
Lauderhill,FL,26.1605,-80.2242
Sumter,SC,33.9392,-80.3930
Redlands,CA,34.0511,-117.1712
Daphne,AL,30.6286,-87.8866
Mount Vernon,WA,48.4202,-122.3115
Weston,FL,26.1006,-80.4054
St. Charles,MO,38.7954,-90.5157
Janesville,WI,42.6855,-89.0136
Sherman,TX,33.6274,-96.6218
North Richland Hills,TX,32.8605,-97.2180
Broomfield,CO,39.9541,-105.0527
El Paso de Robles,CA,35.6394,-120.6560
Bristol,TN,36.5572,-82.2154
Wilmington,DE,39.7415,-75.5413
Casas Adobes,AZ,32.3423,-111.0114
Walnut Creek,CA,37.9024,-122.0398
Poinciana,FL,28.1217,-81.4820
Lynwood,CA,33.9240,-118.2017
Glen Burnie,MD,39.1559,-76.6072
Lehi,UT,40.4136,-111.8726
Passaic,NJ,40.8574,-74.1282
Homestead,FL,25.4665,-80.4472
West Bend,WI,43.4184,-88.1824
Delray Beach,FL,26.4550,-80.0905
Sheboygan,WI,43.7403,-87.7316
Lake Elsinore,CA,33.6847,-117.3344
Daytona Beach,FL,29.1994,-81.0982
Los Lunas,NM,34.8115,-106.7803
Lima,OH,40.7410,-84.1121
Decatur,AL,34.5730,-86.9906
Rocklin,CA,38.8075,-121.2488
Rogers,AR,36.3172,-94.1526
Castle Rock,CO,39.3763,-104.8535
Hanover,PA,39.8117,-76.9835
Bossier City,LA,32.5227,-93.6666
Dubuque,IA,42.5008,-90.7067
Rockville,MD,39.0834,-77.1552
Victoria,TX,28.8285,-96.9850
Saratoga Springs,NY,43.0674,-73.7775
Guaynabo,PR,18.3839,-66.1134
Gaithersburg,MD,39.1346,-77.2132
Union City,NJ,40.7674,-74.0323
Ames,IA,42.0259,-93.6215
West Des Moines,IA,41.5522,-93.7805
South San Francisco,CA,37.6536,-122.4197
Yorba Linda,CA,33.8890,-117.7714
Casper,WY,42.8420,-106.3207
Palatine,IL,42.1181,-88.0430
Corvallis,OR,44.5697,-123.2780
Ankeny,IA,41.7285,-93.6033
Mount Vernon,NY,40.9136,-73.8291
Rowlett,TX,32.9157,-96.5488
Lakeville,MN,44.6774,-93.2520
Alpharetta,GA,34.0704,-84.2739
Longview,WA,46.1461,-122.9629
DeKalb,IL,41.9313,-88.7482
Petaluma,CA,38.2423,-122.6267
Redondo Beach,CA,33.8574,-118.3766
Tamarac,FL,26.2056,-80.2542
Laguna Niguel,CA,33.5275,-117.7050
Eagan,MN,44.8169,-93.1638
Kenner,LA,30.0109,-90.2549
Bay City,MI,43.5903,-83.8886
North Little Rock,AR,34.7808,-92.2371
Sammamish,WA,47.6017,-122.0416
Shawnee,KS,39.0158,-94.8076
Jupiter,FL,26.9199,-80.1128
Doral,FL,25.8151,-80.3565
Florence-Graham,CA,33.9682,-118.2447
Carbondale,IL,37.7221,-89.2238
Blaine,MN,45.1696,-93.2077
Weirton,WV,40.4060,-80.5671
Tulare,CA,36.1996,-119.3400
Wellington,FL,26.6461,-80.2699
Pflugerville,TX,30.4520,-97.6022
Palo Alto,CA,37.3913,-122.1468
Schenectady,NY,42.8025,-73.9276
Great Falls,MT,47.5022,-111.2995
Michigan City,IN,41.7099,-86.8705
Bayonne,NJ,40.6661,-74.1141
Eden Prairie,MN,44.8488,-93.4595
Port Orange,FL,29.1084,-81.0137
Dublin,CA,37.7161,-121.8963
Grand Forks,ND,47.9218,-97.0886
Noblesville,IN,40.0354,-86.0042
San Clemente,CA,33.4498,-117.6103
Brentwood,CA,37.9355,-121.7191
Carmichael,CA,38.6337,-121.3230
East Orange,NJ,40.7651,-74.2117
Eastvale,CA,33.9617,-117.5802
Chapel Hill,NC,35.9270,-79.0391
Rocky Mount,NC,35.9676,-77.8048
Haverhill,MA,42.7838,-71.0871
Beloit,WI,42.5230,-89.0184
Glens Falls,NY,43.3109,-73.6459
Brentwood,NY,40.7839,-73.2522
Fairbanks,AK,64.8353,-147.6534
Springfield,OR,44.0538,-122.9810
Bethesda,MD,38.9866,-77.1188
Johnstown,PA,40.3258,-78.9193
Dundalk,MD,39.2703,-76.4942
Castro Valley,CA,37.7091,-122.0631
Coon Rapids,MN,45.1755,-93.3095
Elmira,NY,42.0938,-76.8097
Mankato,MN,44.1712,-93.9773
Albany,OR,44.6274,-123.0966
North Miami,FL,25.9007,-80.1686
Encinitas,CA,33.0490,-117.2613
Skokie,IL,42.0359,-87.7400
Leander,TX,30.5728,-97.8618
Parkersburg,WV,39.2624,-81.5420
Waltham,MA,42.3889,-71.2423
Port Charlotte,FL,26.9918,-82.1140
Palm Harbor,FL,28.0847,-82.7481
San Luis Obispo,CA,35.2669,-120.6691
Sebring,FL,27.4770,-81.4530
Council Bluffs,IA,41.2369,-95.8517
Hamilton,OH,39.3938,-84.5653
Moore,OK,35.3293,-97.4758
Pico Rivera,CA,33.9902,-118.0888
Casa Grande,AZ,32.9068,-111.7624
Monessen,PA,40.1519,-79.8828
Montebello,CA,34.0155,-118.1108
Rome,GA,34.2661,-85.1862
The Hammocks,FL,25.6700,-80.4483
Millcreek,UT,40.6892,-111.8291
Sanford,FL,28.7893,-81.2760
National City,CA,32.6654,-117.0983
Mayaguez,PR,18.2003,-67.1397
Burnsville,MN,44.7648,-93.2795
Coconut Creek,FL,26.2803,-80.1842
Morristown,TN,36.2046,-83.3006
Reston,VA,38.9497,-77.3461
Lakewood,WA,47.1628,-122.5299
Spring,TX,30.0613,-95.3830
Gadsden,AL,34.0090,-86.0156
Taylor,MI,42.2260,-83.2688
Novi,MI,42.4786,-83.4893
Marietta,GA,33.9533,-84.5422
Hot Springs,AR,34.4892,-93.0501
Woodland,CA,38.6712,-121.7500
Fountainebleau,FL,25.7723,-80.3458
La Habra,CA,33.9278,-117.9513
Malden,MA,42.4305,-71.0576
South Whittier,CA,33.9336,-118.0311
Commerce City,CO,39.8642,-104.8434
South Hill,WA,47.1203,-122.2848
Bristol,CT,41.6812,-72.9407
Columbus,IN,39.2093,-85.9183
West Allis,WI,43.0068,-88.0296
Taylorsville,UT,40.6570,-111.9493
Bangor,ME,44.8322,-68.7906
Monterey Park,CA,34.0497,-118.1326
Greenwood,IN,39.6019,-86.1073
Bartlett,TN,35.2337,-89.8195
Bradenton,FL,27.4900,-82.5739
Pontiac,MI,42.6493,-83.2878
Staunton,VA,38.1593,-79.0611
Meriden,CT,41.5367,-72.7944
Gardena,CA,33.8944,-118.3073
Apex,NC,35.7239,-78.8728
Royal Oak,MI,42.5084,-83.1539
Cupertino,CA,37.3168,-122.0465
La Mesa,CA,32.7703,-117.0204
Benton Harbor,MI,42.1159,-86.4488
St. Clair Shores,MI,42.4921,-82.8957
Des Plaines,IL,42.0345,-87.9009
Lewiston,ME,44.0915,-70.1681
Margate,FL,26.2466,-80.2119
Midland,MI,43.6241,-84.2319
Carson City,NV,39.1512,-119.7474
Bowie,MD,38.9569,-76.7409
Middletown,NY,41.4459,-74.4236
Caldwell,ID,43.6453,-116.6591
San Rafael,CA,37.9905,-122.5222
Richland,WA,46.2824,-119.2938
St. Peters,MO,38.7824,-90.6061
Wesley Chapel,FL,28.2106,-82.3238
Hendersonville,TN,36.3063,-86.5998
White Plains,NY,41.0220,-73.7549
Huntersville,NC,35.4058,-80.8727
Santee,CA,32.8554,-116.9851
Jefferson City,MO,38.5676,-92.1759
Beckley,WV,37.7878,-81.1841
Arcadia,CA,34.1342,-118.0373
Titusville,FL,28.5727,-80.8193
Cartersville,GA,34.1639,-84.8007
Walla Walla,WA,46.0670,-118.3366
Orland Park,IL,41.6074,-87.8619
Towson,MD,39.3944,-76.6190
Weymouth,MA,42.1984,-70.9466
Parker,CO,39.5084,-104.7753
Palm Beach Gardens,FL,26.8466,-80.1679
Bozeman,MT,45.6832,-111.0552
East Stroudsburg,PA,41.0023,-75.1779
Huntington Park,CA,33.9800,-118.2167
Taunton,MA,41.9036,-71.0943
Midwest City,OK,35.4630,-97.3709
Medford,MA,42.4234,-71.1087
Goldsboro,NC,35.3778,-77.9720
Euless,TX,32.8508,-97.0799
Manhattan,KS,39.1886,-96.6046
Shoreline,WA,47.7564,-122.3426
Lake Havasu City,AZ,34.5006,-114.3113
Smyrna,GA,33.8633,-84.5168
Cape Girardeau,MO,37.3108,-89.5597
Tamiami,FL,25.7556,-80.4016
Kendale Lakes,FL,25.7081,-80.4078
Grants Pass,OR,42.4333,-123.3317
Blue Springs,MO,39.0124,-94.2721
Southaven,MS,34.9514,-89.9787
Tinley Park,IL,41.5670,-87.8050
Diamond Bar,CA,33.9991,-117.8161
Pittsfield,MA,42.4517,-73.2605
Eagle Pass,TX,28.7125,-100.4840
New Brunswick,NJ,40.4870,-74.4450
Lenexa,KS,38.9609,-94.8018
Hazleton,PA,40.9504,-75.9724
Twin Falls,ID,42.5645,-114.4615
Brookhaven,GA,33.8744,-84.3314
Novato,CA,38.0920,-122.5576
Tigard,OR,45.4237,-122.7845
Highland,CA,34.1113,-117.1654
Fountain Valley,CA,33.7105,-117.9514
Dearborn Heights,MI,42.3164,-83.2769
Grapevine,TX,32.9343,-97.0744
Fond du Lac,WI,43.7718,-88.4396
Hacienda Heights,CA,33.9970,-117.9728
Ithaca,NY,42.4442,-76.5032
Apple Valley,MN,44.7457,-93.2006
Chicopee,MA,42.1764,-72.5719
Oak Lawn,IL,41.7139,-87.7528
Cathedral City,CA,33.8363,-116.4642
Delano,CA,35.7670,-119.2637
Bentonville,AR,36.3546,-94.2306
Stonecrest,GA,33.6842,-84.1372
Kettering,OH,39.6957,-84.1495
Colton,CA,34.0538,-117.3254
Kingston,NY,41.9295,-73.9968
West Haven,CT,41.2739,-72.9672
St. Cloud,FL,28.2294,-81.2829
Normal,IL,40.5218,-88.9881
Berwyn,IL,41.8433,-87.7909
Milford,CT,41.2256,-73.0616
Aloha,OR,45.4920,-122.8726
Arroyo Grande,CA,35.1241,-120.5845
Minnetonka,MN,44.9322,-93.4598
Rosemead,CA,34.0689,-118.0823
Paramount,CA,33.8976,-118.1652
Yucaipa,CA,34.0336,-117.0429
Brunswick,GA,31.1450,-81.4740
Williamsport,PA,41.2398,-77.0371
Elyria,OH,41.3761,-82.1063
Leesburg,VA,39.1058,-77.5544
Mount Prospect,IL,42.0641,-87.9375
Pinellas Park,FL,27.8589,-82.7078
Bellevue,NE,41.1535,-95.9357
West Sacramento,CA,38.5557,-121.5504
Apopka,FL,28.7014,-81.5304
Lewiston,ID,46.3934,-116.9934
Grand Island,NE,40.9214,-98.3584
Palm Desert,CA,33.7378,-116.3695
Milford city ,CT,41.2256,-73.0625
Watertown,NY,43.9734,-75.9094
Little Elm,TX,33.1856,-96.9290
Chambersburg,PA,39.9315,-77.6556
Revere,MA,42.4192,-71.0036
Peabody,MA,42.5335,-70.9724
Wylie,TX,33.0362,-96.5161
Beaufort,SC,32.4597,-80.7235
Aspen Hill,MD,39.0928,-77.0823
DeSoto,TX,32.5992,-96.8633
Helena,MT,46.5965,-112.0202
Edina,MN,44.8914,-93.3602
Wheaton,IL,41.8561,-88.1083
West New York,NJ,40.7856,-74.0093
Hoboken,NJ,40.7453,-74.0279
Lacey,WA,47.0460,-122.7934
Summerville,SC,33.0015,-80.1799
Oak Park,IL,41.8872,-87.7899
Maricopa,AZ,33.0404,-112.0006
Lompoc,CA,34.6618,-120.4714
Kentwood,MI,42.8852,-85.5925
Levittown,PA,40.1537,-74.8530
Sierra Vista,AZ,31.5630,-110.3153
Levittown,NY,40.7241,-73.5125
Madison,AL,34.7114,-86.7626
Smyrna,TN,35.9722,-86.5253
Glendora,CA,34.1449,-117.8468
Burien,WA,47.4762,-122.3394
Perth Amboy,NJ,40.5203,-74.2724
Herriman,UT,40.4899,-112.0171
Farmington,NM,36.7555,-108.1823
New Bern,NC,35.0955,-77.0723
Placentia,CA,33.8807,-117.8553
Hinesville,GA,31.8247,-81.6135
Beaumont,CA,33.9076,-116.9766
Collierville,TN,35.0471,-89.6988
West Lafayette,IN,40.4432,-86.9239
Florissant,MO,38.7996,-90.3269
Hoffman Estates,IL,42.0639,-88.1468
Queen Creek,AZ,33.2386,-111.6343
Aliso Viejo,CA,33.5792,-117.7289
Kannapolis,NC,35.4764,-80.6403
Methuen Town,MA,42.7340,-71.1889
Sahuarita,AZ,31.9323,-110.9654
Traverse City,MI,44.7547,-85.6035
Severn,MD,39.1355,-76.6958
Catalina Foothills,AZ,32.3041,-110.8835
Galveston,TX,29.2487,-94.8910
Country Club,FL,25.9407,-80.3102
Cookeville,TN,36.1484,-85.5114
Mishawaka,IN,41.6736,-86.1669
Rowland Heights,CA,33.9716,-117.8911
Plainfield,NJ,40.6154,-74.4157
Bullhead City,AZ,35.1205,-114.5460
Stillwater,OK,36.1316,-97.0740
Forney,TX,32.7440,-96.4529
Wheaton,MD,39.0492,-77.0572
Azusa,CA,34.1386,-117.9124
North Bethesda,MD,39.0393,-77.1191
Cerritos,CA,33.8677,-118.0686
Ashburn,VA,39.0300,-77.4711